,symbol,token
0,BANKNIFTY11AUG2232000PE,42233
1,BANKNIFTY11AUG2232000CE,42232
2,BANKNIFTY11AUG2232100PE,42235
3,BANKNIFTY11AUG2232100CE,42234
4,BANKNIFTY11AUG2232200CE,42236
5,BANKNIFTY11AUG2232200PE,42238
6,BANKNIFTY11AUG2232300PE,42240
7,BANKNIFTY11AUG2232300CE,42239
8,BANKNIFTY11AUG2232400CE,42248
9,BANKNIFTY11AUG2232400PE,42249
10,BANKNIFTY11AUG2232500PE,42257
11,BANKNIFTY11AUG2232500CE,42256
12,BANKNIFTY11AUG2232600CE,42258
13,BANKNIFTY11AUG2232600PE,42260
14,BANKNIFTY11AUG2232700CE,42264
15,BANKNIFTY11AUG2232700PE,42267
16,BANKNIFTY11AUG2232800CE,42268
17,BANKNIFTY11AUG2232800PE,42269
18,BANKNIFTY11AUG2232900PE,42272
19,BANKNIFTY11AUG2232900CE,42270
20,BANKNIFTY11AUG2233000PE,42274
21,BANKNIFTY11AUG2233000CE,42273
22,BANKNIFTY11AUG2233100PE,42282
23,BANKNIFTY11AUG2233100CE,42281
24,BANKNIFTY11AUG2233200CE,42283
25,BANKNIFTY11AUG2233200PE,42284
26,BANKNIFTY11AUG2233300PE,42286
27,BANKNIFTY11AUG2233300CE,42285
28,BANKNIFTY11AUG2233400PE,42299
29,BANKNIFTY11AUG2233400CE,42287
30,BANKNIFTY11AUG2233500CE,42300
31,BANKNIFTY11AUG2233500PE,42305
32,BANKNIFTY11AUG2233600PE,42310
33,BANKNIFTY11AUG2233600CE,42306
34,BANKNIFTY11AUG2233700CE,42311
35,BANKNIFTY11AUG2233700PE,42312
36,BANKNIFTY11AUG2233800CE,42313
37,BANKNIFTY11AUG2233800PE,42316
38,BANKNIFTY11AUG2233900CE,42317
39,BANKNIFTY11AUG2233900PE,42318
40,BANKNIFTY11AUG2234000PE,42322
41,BANKNIFTY11AUG2234000CE,42320
42,BANKNIFTY11AUG2234100CE,42323
43,BANKNIFTY11AUG2234100PE,42330
44,BANKNIFTY11AUG2234200CE,42338
45,BANKNIFTY11AUG2234200PE,42339
46,BANKNIFTY11AUG2234300PE,42342
47,BANKNIFTY11AUG2234300CE,42341
48,BANKNIFTY11AUG2234400PE,42345
49,BANKNIFTY11AUG2234400CE,42344
50,BANKNIFTY11AUG2234500CE,42347
51,BANKNIFTY11AUG2234500PE,42348
52,BANKNIFTY11AUG2234600PE,42361
53,BANKNIFTY11AUG2234600CE,42349
54,BANKNIFTY11AUG2234700PE,42363
55,BANKNIFTY11AUG2234700CE,42362
56,BANKNIFTY11AUG2234800PE,42366
57,BANKNIFTY11AUG2234800CE,42365
58,BANKNIFTY11AUG2234900CE,42367
59,BANKNIFTY11AUG2234900PE,42369
60,BANKNIFTY11AUG2235000PE,42376
61,BANKNIFTY11AUG2235000CE,42370
62,BANKNIFTY11AUG2235100PE,42378
63,BANKNIFTY11AUG2235100CE,42377
64,BANKNIFTY11AUG2235200PE,42383
65,BANKNIFTY11AUG2235200CE,42379
66,BANKNIFTY11AUG2235300PE,42385
67,BANKNIFTY11AUG2235300CE,42384
68,BANKNIFTY11AUG2235400PE,42389
69,BANKNIFTY11AUG2235400CE,42386
70,BANKNIFTY11AUG2235500CE,42390
71,BANKNIFTY11AUG2235500PE,42391
72,BANKNIFTY11AUG2235600CE,42392
73,BANKNIFTY11AUG2235600PE,42393
74,BANKNIFTY11AUG2235700PE,42398
75,BANKNIFTY11AUG2235700CE,42396
76,BANKNIFTY11AUG2235800CE,42399
77,BANKNIFTY11AUG2235800PE,42400
78,BANKNIFTY11AUG2235900CE,42401
79,BANKNIFTY11AUG2235900PE,42404
80,BANKNIFTY11AUG2236000PE,42406
81,BANKNIFTY11AUG2236000CE,42405
82,BANKNIFTY11AUG2236100CE,42407
83,BANKNIFTY11AUG2236100PE,42408
84,BANKNIFTY11AUG2236200PE,42410
85,BANKNIFTY11AUG2236200CE,42409
86,BANKNIFTY11AUG2236300PE,42412
87,BANKNIFTY11AUG2236300CE,42411
88,BANKNIFTY11AUG2236400CE,42413
89,BANKNIFTY11AUG2236400PE,42414
90,BANKNIFTY11AUG2236500PE,42416
91,BANKNIFTY11AUG2236500CE,42415
92,BANKNIFTY11AUG2236600CE,42417
93,BANKNIFTY11AUG2236600PE,42424
94,BANKNIFTY11AUG2236700PE,42439
95,BANKNIFTY11AUG2236700CE,42427
96,BANKNIFTY11AUG2236800PE,42448
97,BANKNIFTY11AUG2236800CE,42440
98,BANKNIFTY11AUG2236900CE,42449
99,BANKNIFTY11AUG2236900PE,42452
100,BANKNIFTY11AUG2237000CE,42453
101,BANKNIFTY11AUG2237000PE,42454
102,BANKNIFTY11AUG2237100PE,42456
103,BANKNIFTY11AUG2237100CE,42455
104,BANKNIFTY11AUG2237200CE,42458
105,BANKNIFTY11AUG2237200PE,42459
106,BANKNIFTY11AUG2237300PE,42461
107,BANKNIFTY11AUG2237300CE,42460
108,BANKNIFTY11AUG2237400PE,42463
109,BANKNIFTY11AUG2237400CE,42462
110,BANKNIFTY11AUG2237500CE,42468
111,BANKNIFTY11AUG2237500PE,42469
112,BANKNIFTY11AUG2237600PE,42478
113,BANKNIFTY11AUG2237600CE,42472
114,BANKNIFTY11AUG2237700PE,42480
115,BANKNIFTY11AUG2237700CE,42479
116,BANKNIFTY11AUG2237800PE,42484
117,BANKNIFTY11AUG2237800CE,42483
118,BANKNIFTY11AUG2237900CE,42485
119,BANKNIFTY11AUG2237900PE,42488
120,BANKNIFTY11AUG2238000CE,42489
121,BANKNIFTY11AUG2238000PE,42492
122,BANKNIFTY11AUG2238100CE,42493
123,BANKNIFTY11AUG2238100PE,42502
124,BANKNIFTY11AUG2238200PE,42504
125,BANKNIFTY11AUG2238200CE,42503
126,BANKNIFTY11AUG2238300CE,42505
127,BANKNIFTY11AUG2238300PE,42512
128,BANKNIFTY11AUG2238400PE,42516
129,BANKNIFTY11AUG2238400CE,42514
130,BANKNIFTY11AUG2238500CE,42517
131,BANKNIFTY11AUG2238500PE,42518
132,BANKNIFTY11AUG2238600CE,42519
133,BANKNIFTY11AUG2238600PE,42520
134,BANKNIFTY11AUG2238700CE,42521
135,BANKNIFTY11AUG2238700PE,42522
136,BANKNIFTY11AUG2238800PE,42527
137,BANKNIFTY11AUG2238800CE,42523
138,BANKNIFTY11AUG2238900CE,42529
139,BANKNIFTY11AUG2238900PE,42530
140,BANKNIFTY11AUG2239000PE,42532
141,BANKNIFTY11AUG2239000CE,42531
142,BANKNIFTY11AUG2239100PE,35049
143,BANKNIFTY11AUG2239100CE,35046
144,BANKNIFTY11AUG2239200CE,41125
145,BANKNIFTY11AUG2239200PE,41126
146,BANKNIFTY11AUG2239300PE,41130
147,BANKNIFTY11AUG2239300CE,41127
148,BANKNIFTY11AUG2239400CE,41131
149,BANKNIFTY11AUG2239400PE,41132
150,BANKNIFTY11AUG2239500PE,42534
151,BANKNIFTY11AUG2239500CE,42533
152,BANKNIFTY11AUG2239600CE,48704
153,BANKNIFTY11AUG2239600PE,48705
154,BANKNIFTY11AUG2239700PE,48715
155,BANKNIFTY11AUG2239700CE,48714
156,BANKNIFTY11AUG2239800CE,36137
157,BANKNIFTY11AUG2239800PE,36138
158,BANKNIFTY11AUG2239900PE,36292
159,BANKNIFTY11AUG2239900CE,36291
160,BANKNIFTY11AUG2240000CE,42537
161,BANKNIFTY11AUG2240000PE,42538
162,BANKNIFTY11AUG2240500CE,42539
163,BANKNIFTY11AUG2240500PE,42540
164,BANKNIFTY11AUG2241000CE,42541
165,BANKNIFTY11AUG2241000PE,42542
166,BANKNIFTY11AUG2241500PE,42548
167,BANKNIFTY11AUG2241500CE,42547
